noun_w_ekor	noun_w_ekor_only	cossim
orang	anak	0.64
orang	bayi	0.43
orang	ikan	0.33
orang	api	0.28
orang	raja	0.44
orang	lalat	0.28
orang	bintang	0.34
orang	hewan	0.43
orang	daging	0.32
orang	burung	0.37
orang	ayam	0.31
orang	makhluk	0.44
orang	petani	0.44
orang	kucing	0.35
orang	binatang	0.41
orang	sapi	0.32
orang	anjing	0.38
orang	kuda	0.3
orang	induk	0.3
orang	ular	0.29
orang	malaikat	0.39
orang	ternak	0.37
orang	pahlawan	0.39
orang	babi	0.3
orang	serangga	0.33
orang	hantu	0.34
orang	pejuang	0.46
orang	bibit	0.29
orang	tikus	0.28
orang	singa	0.23
orang	domba	0.34
orang	benih	0.28
orang	buaya	0.27
orang	cacing	0.23
orang	paus	0.27
orang	nyamuk	0.27
orang	iblis	0.32
orang	lebah	0.29
orang	mamalia	0.27
orang	semut	0.31
orang	pemburu	0.35
orang	monyet	0.32
orang	jago	0.3
orang	serigala	0.28
orang	katak	0.3
orang	unta	0.28
orang	kera	0.29
orang	ulat	0.24
orang	macan	0.21
orang	rubah	0.23
orang	merpati	0.24
orang	lembu	0.29
orang	kelelawar	0.25
orang	keledai	0.27
orang	belalang	0.25
orang	angsa	0.24
orang	gabus	0.23
orang	ngengat	0.23
orang	kalkun	0.23
anak	bayi	0.65
anak	ikan	0.35
anak	api	0.26
anak	raja	0.42
anak	lalat	0.31
anak	bintang	0.29
anak	hewan	0.42
anak	daging	0.33
anak	burung	0.4
anak	ayam	0.39
anak	makhluk	0.38
anak	petani	0.38
anak	kucing	0.45
anak	binatang	0.41
anak	sapi	0.37
anak	anjing	0.42
anak	kuda	0.3
anak	induk	0.45
anak	ular	0.32
anak	malaikat	0.32
anak	ternak	0.39
anak	pahlawan	0.34
anak	babi	0.29
anak	serangga	0.3
anak	hantu	0.29
anak	pejuang	0.37
anak	bibit	0.33
anak	tikus	0.33
anak	singa	0.25
anak	domba	0.33
anak	benih	0.35
anak	buaya	0.31
anak	cacing	0.29
anak	paus	0.24
anak	nyamuk	0.28
anak	iblis	0.31
anak	lebah	0.23
anak	mamalia	0.29
anak	semut	0.25
anak	pemburu	0.27
anak	monyet	0.36
anak	jago	0.25
anak	serigala	0.29
anak	katak	0.31
anak	unta	0.26
anak	kera	0.32
anak	ulat	0.24
anak	macan	0.26
anak	rubah	0.26
anak	merpati	0.29
anak	lembu	0.33
anak	kelelawar	0.26
anak	keledai	0.32
anak	belalang	0.18
anak	angsa	0.27
anak	gabus	0.23
anak	ngengat	0.19
anak	kalkun	0.21
bayi	ikan	0.33
bayi	api	0.26
bayi	raja	0.31
bayi	lalat	0.26
bayi	bintang	0.24
bayi	hewan	0.42
bayi	daging	0.33
bayi	burung	0.31
bayi	ayam	0.34
bayi	makhluk	0.35
bayi	petani	0.24
bayi	kucing	0.48
bayi	binatang	0.38
bayi	sapi	0.37
bayi	anjing	0.41
bayi	kuda	0.25
bayi	induk	0.32
bayi	ular	0.32
bayi	malaikat	0.31
bayi	ternak	0.33
bayi	pahlawan	0.22
bayi	babi	0.3
bayi	serangga	0.28
bayi	hantu	0.25
bayi	pejuang	0.28
bayi	bibit	0.28
bayi	tikus	0.3
bayi	singa	0.25
bayi	domba	0.32
bayi	benih	0.3
bayi	buaya	0.3
bayi	cacing	0.3
bayi	paus	0.32
bayi	nyamuk	0.29
bayi	iblis	0.26
bayi	lebah	0.24
bayi	mamalia	0.34
bayi	semut	0.22
bayi	pemburu	0.21
bayi	monyet	0.31
bayi	jago	0.14
bayi	serigala	0.27
bayi	katak	0.22
bayi	unta	0.27
bayi	kera	0.26
bayi	ulat	0.26
bayi	macan	0.25
bayi	rubah	0.23
bayi	merpati	0.2
bayi	lembu	0.26
bayi	kelelawar	0.26
bayi	keledai	0.27
bayi	belalang	0.13
bayi	angsa	0.25
bayi	gabus	0.21
bayi	ngengat	0.2
bayi	kalkun	0.26
ikan	api	0.34
ikan	raja	0.3
ikan	lalat	0.38
ikan	bintang	0.26
ikan	hewan	0.51
ikan	daging	0.58
ikan	burung	0.5
ikan	ayam	0.53
ikan	makhluk	0.42
ikan	petani	0.35
ikan	kucing	0.39
ikan	binatang	0.45
ikan	sapi	0.47
ikan	anjing	0.37
ikan	kuda	0.36
ikan	induk	0.4
ikan	ular	0.44
ikan	malaikat	0.2
ikan	ternak	0.47
ikan	pahlawan	0.21
ikan	babi	0.44
ikan	serangga	0.44
ikan	hantu	0.33
ikan	pejuang	0.21
ikan	bibit	0.42
ikan	tikus	0.36
ikan	singa	0.34
ikan	domba	0.36
ikan	benih	0.48
ikan	buaya	0.46
ikan	cacing	0.42
ikan	paus	0.54
ikan	nyamuk	0.38
ikan	iblis	0.27
ikan	lebah	0.27
ikan	mamalia	0.38
ikan	semut	0.32
ikan	pemburu	0.38
ikan	monyet	0.31
ikan	jago	0.28
ikan	serigala	0.29
ikan	katak	0.43
ikan	unta	0.32
ikan	kera	0.31
ikan	ulat	0.38
ikan	macan	0.32
ikan	rubah	0.28
ikan	merpati	0.36
ikan	lembu	0.37
ikan	kelelawar	0.31
ikan	keledai	0.29
ikan	belalang	0.38
ikan	angsa	0.39
ikan	gabus	0.55
ikan	ngengat	0.26
ikan	kalkun	0.42
api	raja	0.24
api	lalat	0.19
api	bintang	0.29
api	hewan	0.3
api	daging	0.35
api	burung	0.29
api	ayam	0.34
api	makhluk	0.31
api	petani	0.19
api	kucing	0.29
api	binatang	0.35
api	sapi	0.31
api	anjing	0.32
api	kuda	0.35
api	induk	0.25
api	ular	0.36
api	malaikat	0.26
api	ternak	0.29
api	pahlawan	0.28
api	babi	0.32
api	serangga	0.29
api	hantu	0.32
api	pejuang	0.33
api	bibit	0.23
api	tikus	0.27
api	singa	0.21
api	domba	0.22
api	benih	0.34
api	buaya	0.29
api	cacing	0.29
api	paus	0.21
api	nyamuk	0.25
api	iblis	0.37
api	lebah	0.2
api	mamalia	0.13
api	semut	0.32
api	pemburu	0.24
api	monyet	0.26
api	jago	0.28
api	serigala	0.29
api	katak	0.16
api	unta	0.26
api	kera	0.29
api	ulat	0.31
api	macan	0.25
api	rubah	0.18
api	merpati	0.26
api	lembu	0.31
api	kelelawar	0.2
api	keledai	0.22
api	belalang	0.26
api	angsa	0.24
api	gabus	0.28
api	ngengat	0.28
api	kalkun	0.22
raja	lalat	0.24
raja	bintang	0.27
raja	hewan	0.32
raja	daging	0.28
raja	burung	0.35
raja	ayam	0.28
raja	makhluk	0.35
raja	petani	0.33
raja	kucing	0.32
raja	binatang	0.38
raja	sapi	0.31
raja	anjing	0.3
raja	kuda	0.35
raja	induk	0.29
raja	ular	0.34
raja	malaikat	0.35
raja	ternak	0.28
raja	pahlawan	0.39
raja	babi	0.29
raja	serangga	0.29
raja	hantu	0.3
raja	pejuang	0.32
raja	bibit	0.24
raja	tikus	0.29
raja	singa	0.57
raja	domba	0.29
raja	benih	0.22
raja	buaya	0.31
raja	cacing	0.21
raja	paus	0.35
raja	nyamuk	0.24
raja	iblis	0.39
raja	lebah	0.29
raja	mamalia	0.23
raja	semut	0.33
raja	pemburu	0.35
raja	monyet	0.31
raja	jago	0.22
raja	serigala	0.28
raja	katak	0.32
raja	unta	0.28
raja	kera	0.35
raja	ulat	0.27
raja	macan	0.31
raja	rubah	0.23
raja	merpati	0.28
raja	lembu	0.32
raja	kelelawar	0.23
raja	keledai	0.28
raja	belalang	0.22
raja	angsa	0.25
raja	gabus	0.17
raja	ngengat	0.21
raja	kalkun	0.15
lalat	bintang	0.24
lalat	hewan	0.38
lalat	daging	0.33
lalat	burung	0.36
lalat	ayam	0.32
lalat	makhluk	0.37
lalat	petani	0.24
lalat	kucing	0.3
lalat	binatang	0.37
lalat	sapi	0.31
lalat	anjing	0.32
lalat	kuda	0.26
lalat	induk	0.31
lalat	ular	0.28
lalat	malaikat	0.24
lalat	ternak	0.3
lalat	pahlawan	0.17
lalat	babi	0.28
lalat	serangga	0.52
lalat	hantu	0.25
lalat	pejuang	0.24
lalat	bibit	0.35
lalat	tikus	0.4
lalat	singa	0.23
lalat	domba	0.24
lalat	benih	0.36
lalat	buaya	0.21
lalat	cacing	0.36
lalat	paus	0.25
lalat	nyamuk	0.51
lalat	iblis	0.23
lalat	lebah	0.39
lalat	mamalia	0.28
lalat	semut	0.39
lalat	pemburu	0.28
lalat	monyet	0.27
lalat	jago	0.18
lalat	serigala	0.27
lalat	katak	0.27
lalat	unta	0.29
lalat	kera	0.3
lalat	ulat	0.38
lalat	macan	0.21
lalat	rubah	0.14
lalat	merpati	0.27
lalat	lembu	0.22
lalat	kelelawar	0.38
lalat	keledai	0.27
lalat	belalang	0.4
lalat	angsa	0.29
lalat	gabus	0.25
lalat	ngengat	0.35
lalat	kalkun	0.21
bintang	hewan	0.29
bintang	daging	0.24
bintang	burung	0.29
bintang	ayam	0.24
bintang	makhluk	0.3
bintang	petani	0.19
bintang	kucing	0.22
bintang	binatang	0.3
bintang	sapi	0.2
bintang	anjing	0.32
bintang	kuda	0.29
bintang	induk	0.28
bintang	ular	0.3
bintang	malaikat	0.27
bintang	ternak	0.2
bintang	pahlawan	0.37
bintang	babi	0.21
bintang	serangga	0.25
bintang	hantu	0.28
bintang	pejuang	0.32
bintang	bibit	0.23
bintang	tikus	0.25
bintang	singa	0.23
bintang	domba	0.22
bintang	benih	0.23
bintang	buaya	0.25
bintang	cacing	0.25
bintang	paus	0.28
bintang	nyamuk	0.22
bintang	iblis	0.19
bintang	lebah	0.25
bintang	mamalia	0.2
bintang	semut	0.24
bintang	pemburu	0.26
bintang	monyet	0.27
bintang	jago	0.19
bintang	serigala	0.25
bintang	katak	0.18
bintang	unta	0.27
bintang	kera	0.25
bintang	ulat	0.17
bintang	macan	0.29
bintang	rubah	0.13
bintang	merpati	0.29
bintang	lembu	0.2
bintang	kelelawar	0.23
bintang	keledai	0.15
bintang	belalang	0.18
bintang	angsa	0.23
bintang	gabus	0.18
bintang	ngengat	0.22
bintang	kalkun	0.15
hewan	daging	0.51
hewan	burung	0.54
hewan	ayam	0.45
hewan	makhluk	0.66
hewan	petani	0.33
hewan	kucing	0.58
hewan	binatang	0.86
hewan	sapi	0.56
hewan	anjing	0.61
hewan	kuda	0.52
hewan	induk	0.39
hewan	ular	0.51
hewan	malaikat	0.36
hewan	ternak	0.67
hewan	pahlawan	0.28
hewan	babi	0.53
hewan	serangga	0.56
hewan	hantu	0.37
hewan	pejuang	0.29
hewan	bibit	0.36
hewan	tikus	0.54
hewan	singa	0.41
hewan	domba	0.45
hewan	benih	0.36
hewan	buaya	0.46
hewan	cacing	0.47
hewan	paus	0.41
hewan	nyamuk	0.38
hewan	iblis	0.34
hewan	lebah	0.41
hewan	mamalia	0.63
hewan	semut	0.44
hewan	pemburu	0.44
hewan	monyet	0.49
hewan	jago	0.23
hewan	serigala	0.46
hewan	katak	0.45
hewan	unta	0.49
hewan	kera	0.51
hewan	ulat	0.45
hewan	macan	0.41
hewan	rubah	0.33
hewan	merpati	0.39
hewan	lembu	0.47
hewan	kelelawar	0.45
hewan	keledai	0.45
hewan	belalang	0.37
hewan	angsa	0.35
hewan	gabus	0.32
hewan	ngengat	0.33
hewan	kalkun	0.38
daging	burung	0.34
daging	ayam	0.62
daging	makhluk	0.36
daging	petani	0.23
daging	kucing	0.33
daging	binatang	0.47
daging	sapi	0.66
daging	anjing	0.41
daging	kuda	0.38
daging	induk	0.33
daging	ular	0.34
daging	malaikat	0.24
daging	ternak	0.5
daging	pahlawan	0.24
daging	babi	0.6
daging	serangga	0.28
daging	hantu	0.26
daging	pejuang	0.21
daging	bibit	0.39
daging	tikus	0.34
daging	singa	0.3
daging	domba	0.47
daging	benih	0.43
daging	buaya	0.36
daging	cacing	0.37
daging	paus	0.35
daging	nyamuk	0.23
daging	iblis	0.35
daging	lebah	0.18
daging	mamalia	0.31
daging	semut	0.26
daging	pemburu	0.27
daging	monyet	0.3
daging	jago	0.23
daging	serigala	0.4
daging	katak	0.32
daging	unta	0.39
daging	kera	0.3
daging	ulat	0.41
daging	macan	0.31
daging	rubah	0.28
daging	merpati	0.33
daging	lembu	0.44
daging	kelelawar	0.31
daging	keledai	0.34
daging	belalang	0.29
daging	angsa	0.33
daging	gabus	0.41
daging	ngengat	0.2
daging	kalkun	0.5
burung	ayam	0.51
burung	makhluk	0.44
burung	petani	0.32
burung	kucing	0.45
burung	binatang	0.56
burung	sapi	0.39
burung	anjing	0.41
burung	kuda	0.41
burung	induk	0.38
burung	ular	0.45
burung	malaikat	0.37
burung	ternak	0.48
burung	pahlawan	0.29
burung	babi	0.43
burung	serangga	0.52
burung	hantu	0.5
burung	pejuang	0.26
burung	bibit	0.36
burung	tikus	0.42
burung	singa	0.36
burung	domba	0.37
burung	benih	0.33
burung	buaya	0.4
burung	cacing	0.36
burung	paus	0.36
burung	nyamuk	0.38
burung	iblis	0.32
burung	lebah	0.42
burung	mamalia	0.5
burung	semut	0.4
burung	pemburu	0.44
burung	monyet	0.44
burung	jago	0.33
burung	serigala	0.31
burung	katak	0.43
burung	unta	0.45
burung	kera	0.38
burung	ulat	0.44
burung	macan	0.35
burung	rubah	0.32
burung	merpati	0.64
burung	lembu	0.3
burung	kelelawar	0.5
burung	keledai	0.33
burung	belalang	0.35
burung	angsa	0.5
burung	gabus	0.27
burung	ngengat	0.35
burung	kalkun	0.4
ayam	makhluk	0.31
ayam	petani	0.29
ayam	kucing	0.48
ayam	binatang	0.41
ayam	sapi	0.62
ayam	anjing	0.44
ayam	kuda	0.42
ayam	induk	0.45
ayam	ular	0.35
ayam	malaikat	0.23
ayam	ternak	0.55
ayam	pahlawan	0.29
ayam	babi	0.55
ayam	serangga	0.32
ayam	hantu	0.34
ayam	pejuang	0.26
ayam	bibit	0.44
ayam	tikus	0.4
ayam	singa	0.32
ayam	domba	0.47
ayam	benih	0.34
ayam	buaya	0.37
ayam	cacing	0.38
ayam	paus	0.24
ayam	nyamuk	0.34
ayam	iblis	0.26
ayam	lebah	0.28
ayam	mamalia	0.23
ayam	semut	0.3
ayam	pemburu	0.24
ayam	monyet	0.36
ayam	jago	0.47
ayam	serigala	0.33
ayam	katak	0.33
ayam	unta	0.38
ayam	kera	0.35
ayam	ulat	0.4
ayam	macan	0.34
ayam	rubah	0.32
ayam	merpati	0.42
ayam	lembu	0.43
ayam	kelelawar	0.32
ayam	keledai	0.31
ayam	belalang	0.35
ayam	angsa	0.43
ayam	gabus	0.3
ayam	ngengat	0.23
ayam	kalkun	0.58
makhluk	petani	0.27
makhluk	kucing	0.4
makhluk	binatang	0.61
makhluk	sapi	0.31
makhluk	anjing	0.42
makhluk	kuda	0.31
makhluk	induk	0.27
makhluk	ular	0.41
makhluk	malaikat	0.48
makhluk	ternak	0.37
makhluk	pahlawan	0.29
makhluk	babi	0.35
makhluk	serangga	0.48
makhluk	hantu	0.45
makhluk	pejuang	0.31
makhluk	bibit	0.28
makhluk	tikus	0.36
makhluk	singa	0.32
makhluk	domba	0.22
makhluk	benih	0.34
makhluk	buaya	0.35
makhluk	cacing	0.37
makhluk	paus	0.36
makhluk	nyamuk	0.37
makhluk	iblis	0.44
makhluk	lebah	0.33
makhluk	mamalia	0.5
makhluk	semut	0.39
makhluk	pemburu	0.36
makhluk	monyet	0.39
makhluk	jago	0.19
makhluk	serigala	0.41
makhluk	katak	0.35
makhluk	unta	0.33
makhluk	kera	0.47
makhluk	ulat	0.36
makhluk	macan	0.27
makhluk	rubah	0.3
makhluk	merpati	0.23
makhluk	lembu	0.25
makhluk	kelelawar	0.38
makhluk	keledai	0.29
makhluk	belalang	0.3
makhluk	angsa	0.26
makhluk	gabus	0.23
makhluk	ngengat	0.3
makhluk	kalkun	0.22
petani	kucing	0.21
petani	binatang	0.29
petani	sapi	0.35
petani	anjing	0.24
petani	kuda	0.26
petani	induk	0.27
petani	ular	0.27
petani	malaikat	0.17
petani	ternak	0.46
petani	pahlawan	0.32
petani	babi	0.26
petani	serangga	0.32
petani	hantu	0.22
petani	pejuang	0.39
petani	bibit	0.45
petani	tikus	0.33
petani	singa	0.13
petani	domba	0.29
petani	benih	0.45
petani	buaya	0.26
petani	cacing	0.31
petani	paus	0.19
petani	nyamuk	0.16
petani	iblis	0.19
petani	lebah	0.3
petani	mamalia	0.23
petani	semut	0.32
petani	pemburu	0.38
petani	monyet	0.24
petani	jago	0.2
petani	serigala	0.19
petani	katak	0.24
petani	unta	0.2
petani	kera	0.22
petani	ulat	0.33
petani	macan	0.13
petani	rubah	0.14
petani	merpati	0.19
petani	lembu	0.22
petani	kelelawar	0.22
petani	keledai	0.29
petani	belalang	0.27
petani	angsa	0.24
petani	gabus	0.24
petani	ngengat	0.18
petani	kalkun	0.18
kucing	binatang	0.55
kucing	sapi	0.43
kucing	anjing	0.7
kucing	kuda	0.38
kucing	induk	0.35
kucing	ular	0.43
kucing	malaikat	0.28
kucing	ternak	0.42
kucing	pahlawan	0.21
kucing	babi	0.41
kucing	serangga	0.35
kucing	hantu	0.37
kucing	pejuang	0.18
kucing	bibit	0.27
kucing	tikus	0.54
kucing	singa	0.42
kucing	domba	0.37
kucing	benih	0.2
kucing	buaya	0.4
kucing	cacing	0.34
kucing	paus	0.25
kucing	nyamuk	0.33
kucing	iblis	0.31
kucing	lebah	0.3
kucing	mamalia	0.35
kucing	semut	0.34
kucing	pemburu	0.36
kucing	monyet	0.46
kucing	jago	0.29
kucing	serigala	0.4
kucing	katak	0.33
kucing	unta	0.39
kucing	kera	0.37
kucing	ulat	0.35
kucing	macan	0.43
kucing	rubah	0.41
kucing	merpati	0.39
kucing	lembu	0.29
kucing	kelelawar	0.31
kucing	keledai	0.36
kucing	belalang	0.3
kucing	angsa	0.35
kucing	gabus	0.21
kucing	ngengat	0.26
kucing	kalkun	0.31
binatang	sapi	0.52
binatang	anjing	0.59
binatang	kuda	0.48
binatang	induk	0.35
binatang	ular	0.53
binatang	malaikat	0.4
binatang	ternak	0.62
binatang	pahlawan	0.28
binatang	babi	0.55
binatang	serangga	0.57
binatang	hantu	0.39
binatang	pejuang	0.29
binatang	bibit	0.34
binatang	tikus	0.51
binatang	singa	0.48
binatang	domba	0.49
binatang	benih	0.34
binatang	buaya	0.49
binatang	cacing	0.43
binatang	paus	0.39
binatang	nyamuk	0.43
binatang	iblis	0.41
binatang	lebah	0.43
binatang	mamalia	0.59
binatang	semut	0.44
binatang	pemburu	0.45
binatang	monyet	0.52
binatang	jago	0.26
binatang	serigala	0.5
binatang	katak	0.46
binatang	unta	0.5
binatang	kera	0.55
binatang	ulat	0.46
binatang	macan	0.47
binatang	rubah	0.33
binatang	merpati	0.42
binatang	lembu	0.49
binatang	kelelawar	0.43
binatang	keledai	0.45
binatang	belalang	0.38
binatang	angsa	0.4
binatang	gabus	0.29
binatang	ngengat	0.35
binatang	kalkun	0.33
sapi	anjing	0.5
sapi	kuda	0.58
sapi	induk	0.4
sapi	ular	0.41
sapi	malaikat	0.22
sapi	ternak	0.69
sapi	pahlawan	0.19
sapi	babi	0.61
sapi	serangga	0.26
sapi	hantu	0.2
sapi	pejuang	0.2
sapi	bibit	0.39
sapi	tikus	0.42
sapi	singa	0.38
sapi	domba	0.63
sapi	benih	0.31
sapi	buaya	0.4
sapi	cacing	0.37
sapi	paus	0.32
sapi	nyamuk	0.25
sapi	iblis	0.32
sapi	lebah	0.3
sapi	mamalia	0.4
sapi	semut	0.28
sapi	pemburu	0.29
sapi	monyet	0.36
sapi	jago	0.27
sapi	serigala	0.38
sapi	katak	0.34
sapi	unta	0.51
sapi	kera	0.34
sapi	ulat	0.33
sapi	macan	0.35
sapi	rubah	0.28
sapi	merpati	0.31
sapi	lembu	0.62
sapi	kelelawar	0.3
sapi	keledai	0.45
sapi	belalang	0.28
sapi	angsa	0.36
sapi	gabus	0.3
sapi	ngengat	0.23
sapi	kalkun	0.47
anjing	kuda	0.53
anjing	induk	0.36
anjing	ular	0.4
anjing	malaikat	0.32
anjing	ternak	0.46
anjing	pahlawan	0.22
anjing	babi	0.56
anjing	serangga	0.33
anjing	hantu	0.37
anjing	pejuang	0.21
anjing	bibit	0.26
anjing	tikus	0.54
anjing	singa	0.42
anjing	domba	0.46
anjing	benih	0.22
anjing	buaya	0.41
anjing	cacing	0.36
anjing	paus	0.35
anjing	nyamuk	0.3
anjing	iblis	0.33
anjing	lebah	0.31
anjing	mamalia	0.4
anjing	semut	0.33
anjing	pemburu	0.48
anjing	monyet	0.5
anjing	jago	0.29
anjing	serigala	0.53
anjing	katak	0.28
anjing	unta	0.45
anjing	kera	0.46
anjing	ulat	0.34
anjing	macan	0.41
anjing	rubah	0.39
anjing	merpati	0.41
anjing	lembu	0.38
anjing	kelelawar	0.36
anjing	keledai	0.43
anjing	belalang	0.32
anjing	angsa	0.35
anjing	gabus	0.18
anjing	ngengat	0.27
anjing	kalkun	0.34
kuda	induk	0.24
kuda	ular	0.36
kuda	malaikat	0.25
kuda	ternak	0.49
kuda	pahlawan	0.27
kuda	babi	0.41
kuda	serangga	0.27
kuda	hantu	0.29
kuda	pejuang	0.23
kuda	bibit	0.25
kuda	tikus	0.35
kuda	singa	0.36
kuda	domba	0.48
kuda	benih	0.25
kuda	buaya	0.36
kuda	cacing	0.36
kuda	paus	0.29
kuda	nyamuk	0.22
kuda	iblis	0.27
kuda	lebah	0.31
kuda	mamalia	0.36
kuda	semut	0.29
kuda	pemburu	0.3
kuda	monyet	0.34
kuda	jago	0.29
kuda	serigala	0.37
kuda	katak	0.28
kuda	unta	0.58
kuda	kera	0.34
kuda	ulat	0.22
kuda	macan	0.35
kuda	rubah	0.26
kuda	merpati	0.39
kuda	lembu	0.52
kuda	kelelawar	0.28
kuda	keledai	0.57
kuda	belalang	0.25
kuda	angsa	0.34
kuda	gabus	0.18
kuda	ngengat	0.2
kuda	kalkun	0.29
induk	ular	0.26
induk	malaikat	0.21
induk	ternak	0.39
induk	pahlawan	0.19
induk	babi	0.32
induk	serangga	0.28
induk	hantu	0.17
induk	pejuang	0.25
induk	bibit	0.44
induk	tikus	0.28
induk	singa	0.24
induk	domba	0.33
induk	benih	0.44
induk	buaya	0.27
induk	cacing	0.29
induk	paus	0.29
induk	nyamuk	0.24
induk	iblis	0.22
induk	lebah	0.3
induk	mamalia	0.33
induk	semut	0.23
induk	pemburu	0.31
induk	monyet	0.27
induk	jago	0.27
induk	serigala	0.29
induk	katak	0.29
induk	unta	0.28
induk	kera	0.35
induk	ulat	0.22
induk	macan	0.25
induk	rubah	0.23
induk	merpati	0.3
induk	lembu	0.3
induk	kelelawar	0.21
induk	keledai	0.25
induk	belalang	0.21
induk	angsa	0.27
induk	gabus	0.26
induk	ngengat	0.24
induk	kalkun	0.28
ular	malaikat	0.27
ular	ternak	0.37
ular	pahlawan	0.26
ular	babi	0.37
ular	serangga	0.44
ular	hantu	0.37
ular	pejuang	0.21
ular	bibit	0.25
ular	tikus	0.51
ular	singa	0.41
ular	domba	0.31
ular	benih	0.27
ular	buaya	0.54
ular	cacing	0.4
ular	paus	0.31
ular	nyamuk	0.37
ular	iblis	0.39
ular	lebah	0.33
ular	mamalia	0.36
ular	semut	0.37
ular	pemburu	0.31
ular	monyet	0.43
ular	jago	0.28
ular	serigala	0.35
ular	katak	0.47
ular	unta	0.33
ular	kera	0.39
ular	ulat	0.35
ular	macan	0.46
ular	rubah	0.32
ular	merpati	0.38
ular	lembu	0.42
ular	kelelawar	0.38
ular	keledai	0.31
ular	belalang	0.34
ular	angsa	0.3
ular	gabus	0.26
ular	ngengat	0.35
ular	kalkun	0.26
malaikat	ternak	0.24
malaikat	pahlawan	0.28
malaikat	babi	0.26
malaikat	serangga	0.29
malaikat	hantu	0.32
malaikat	pejuang	0.29
malaikat	bibit	0.19
malaikat	tikus	0.25
malaikat	singa	0.22
malaikat	domba	0.28
malaikat	benih	0.23
malaikat	buaya	0.24
malaikat	cacing	0.25
malaikat	paus	0.24
malaikat	nyamuk	0.26
malaikat	iblis	0.55
malaikat	lebah	0.29
malaikat	mamalia	0.25
malaikat	semut	0.28
malaikat	pemburu	0.25
malaikat	monyet	0.24
malaikat	jago	0.2
malaikat	serigala	0.33
malaikat	katak	0.21
malaikat	unta	0.29
malaikat	kera	0.27
malaikat	ulat	0.25
malaikat	macan	0.19
malaikat	rubah	0.24
malaikat	merpati	0.31
malaikat	lembu	0.28
malaikat	kelelawar	0.3
malaikat	keledai	0.28
malaikat	belalang	0.25
malaikat	angsa	0.18
malaikat	gabus	0.11
malaikat	ngengat	0.3
malaikat	kalkun	0.14
ternak	pahlawan	0.18
ternak	babi	0.51
ternak	serangga	0.4
ternak	hantu	0.26
ternak	pejuang	0.22
ternak	bibit	0.48
ternak	tikus	0.42
ternak	singa	0.3
ternak	domba	0.56
ternak	benih	0.38
ternak	buaya	0.35
ternak	cacing	0.41
ternak	paus	0.26
ternak	nyamuk	0.29
ternak	iblis	0.25
ternak	lebah	0.4
ternak	mamalia	0.39
ternak	semut	0.3
ternak	pemburu	0.37
ternak	monyet	0.29
ternak	jago	0.25
ternak	serigala	0.36
ternak	katak	0.28
ternak	unta	0.46
ternak	kera	0.31
ternak	ulat	0.41
ternak	macan	0.29
ternak	rubah	0.24
ternak	merpati	0.39
ternak	lembu	0.47
ternak	kelelawar	0.27
ternak	keledai	0.4
ternak	belalang	0.33
ternak	angsa	0.37
ternak	gabus	0.27
ternak	ngengat	0.24
ternak	kalkun	0.46
pahlawan	babi	0.19
pahlawan	serangga	0.19
pahlawan	hantu	0.3
pahlawan	pejuang	0.64
pahlawan	bibit	0.23
pahlawan	tikus	0.27
pahlawan	singa	0.22
pahlawan	domba	0.23
pahlawan	benih	0.23
pahlawan	buaya	0.28
pahlawan	cacing	0.15
pahlawan	paus	0.19
pahlawan	nyamuk	0.11
pahlawan	iblis	0.27
pahlawan	lebah	0.2
pahlawan	mamalia	0.19
pahlawan	semut	0.2
pahlawan	pemburu	0.33
pahlawan	monyet	0.2
pahlawan	jago	0.3
pahlawan	serigala	0.22
pahlawan	katak	0.25
pahlawan	unta	0.11
pahlawan	kera	0.18
pahlawan	ulat	0.2
pahlawan	macan	0.22
pahlawan	rubah	0.2
pahlawan	merpati	0.22
pahlawan	lembu	0.2
pahlawan	kelelawar	0.21
pahlawan	keledai	0.2
pahlawan	belalang	0.12
pahlawan	angsa	0.22
pahlawan	gabus	0.21
pahlawan	ngengat	0.21
pahlawan	kalkun	0.17
babi	serangga	0.28
babi	hantu	0.37
babi	pejuang	0.17
babi	bibit	0.3
babi	tikus	0.44
babi	singa	0.36
babi	domba	0.49
babi	benih	0.29
babi	buaya	0.41
babi	cacing	0.36
babi	paus	0.34
babi	nyamuk	0.3
babi	iblis	0.33
babi	lebah	0.27
babi	mamalia	0.42
babi	semut	0.26
babi	pemburu	0.34
babi	monyet	0.44
babi	jago	0.26
babi	serigala	0.43
babi	katak	0.39
babi	unta	0.38
babi	kera	0.48
babi	ulat	0.39
babi	macan	0.38
babi	rubah	0.33
babi	merpati	0.36
babi	lembu	0.5
babi	kelelawar	0.39
babi	keledai	0.43
babi	belalang	0.33
babi	angsa	0.41
babi	gabus	0.28
babi	ngengat	0.22
babi	kalkun	0.43
serangga	hantu	0.4
serangga	pejuang	0.29
serangga	bibit	0.34
serangga	tikus	0.5
serangga	singa	0.28
serangga	domba	0.24
serangga	benih	0.3
serangga	buaya	0.35
serangga	cacing	0.49
serangga	paus	0.28
serangga	nyamuk	0.61
serangga	iblis	0.32
serangga	lebah	0.57
serangga	mamalia	0.48
serangga	semut	0.58
serangga	pemburu	0.42
serangga	monyet	0.35
serangga	jago	0.22
serangga	serigala	0.32
serangga	katak	0.44
serangga	unta	0.32
serangga	kera	0.29
serangga	ulat	0.58
serangga	macan	0.32
serangga	rubah	0.21
serangga	merpati	0.34
serangga	lembu	0.23
serangga	kelelawar	0.51
serangga	keledai	0.16
serangga	belalang	0.54
serangga	angsa	0.3
serangga	gabus	0.32
serangga	ngengat	0.59
serangga	kalkun	0.26
hantu	pejuang	0.24
hantu	bibit	0.18
hantu	tikus	0.41
hantu	singa	0.27
hantu	domba	0.15
hantu	benih	0.21
hantu	buaya	0.34
hantu	cacing	0.24
hantu	paus	0.26
hantu	nyamuk	0.34
hantu	iblis	0.41
hantu	lebah	0.29
hantu	mamalia	0.21
hantu	semut	0.36
hantu	pemburu	0.41
hantu	monyet	0.36
hantu	jago	0.21
hantu	serigala	0.31
hantu	katak	0.29
hantu	unta	0.19
hantu	kera	0.32
hantu	ulat	0.33
hantu	macan	0.28
hantu	rubah	0.32
hantu	merpati	0.32
hantu	lembu	0.17
hantu	kelelawar	0.39
hantu	keledai	0.21
hantu	belalang	0.25
hantu	angsa	0.27
hantu	gabus	0.17
hantu	ngengat	0.32
hantu	kalkun	0.26
pejuang	bibit	0.24
pejuang	tikus	0.23
pejuang	singa	0.14
pejuang	domba	0.21
pejuang	benih	0.26
pejuang	buaya	0.19
pejuang	cacing	0.2
pejuang	paus	0.21
pejuang	nyamuk	0.24
pejuang	iblis	0.26
pejuang	lebah	0.23
pejuang	mamalia	0.21
pejuang	semut	0.27
pejuang	pemburu	0.41
pejuang	monyet	0.25
pejuang	jago	0.27
pejuang	serigala	0.27
pejuang	katak	0.21
pejuang	unta	0.22
pejuang	kera	0.28
pejuang	ulat	0.26
pejuang	macan	0.19
pejuang	rubah	0.14
pejuang	merpati	0.2
pejuang	lembu	0.21
pejuang	kelelawar	0.2
pejuang	keledai	0.15
pejuang	belalang	0.13
pejuang	angsa	0.19
pejuang	gabus	0.14
pejuang	ngengat	0.22
pejuang	kalkun	0.09
bibit	tikus	0.3
bibit	singa	0.22
bibit	domba	0.36
bibit	benih	0.77
bibit	buaya	0.29
bibit	cacing	0.37
bibit	paus	0.21
bibit	nyamuk	0.3
bibit	iblis	0.22
bibit	lebah	0.32
bibit	mamalia	0.16
bibit	semut	0.31
bibit	pemburu	0.29
bibit	monyet	0.27
bibit	jago	0.23
bibit	serigala	0.25
bibit	katak	0.29
bibit	unta	0.19
bibit	kera	0.26
bibit	ulat	0.38
bibit	macan	0.3
bibit	rubah	0.15
bibit	merpati	0.31
bibit	lembu	0.23
bibit	kelelawar	0.2
bibit	keledai	0.2
bibit	belalang	0.25
bibit	angsa	0.25
bibit	gabus	0.34
bibit	ngengat	0.23
bibit	kalkun	0.31
tikus	singa	0.38
tikus	domba	0.36
tikus	benih	0.31
tikus	buaya	0.38
tikus	cacing	0.43
tikus	paus	0.3
tikus	nyamuk	0.43
tikus	iblis	0.33
tikus	lebah	0.39
tikus	mamalia	0.43
tikus	semut	0.48
tikus	pemburu	0.38
tikus	monyet	0.47
tikus	jago	0.25
tikus	serigala	0.4
tikus	katak	0.37
tikus	unta	0.33
tikus	kera	0.43
tikus	ulat	0.46
tikus	macan	0.39
tikus	rubah	0.35
tikus	merpati	0.41
tikus	lembu	0.31
tikus	kelelawar	0.42
tikus	keledai	0.36
tikus	belalang	0.38
tikus	angsa	0.34
tikus	gabus	0.31
tikus	ngengat	0.34
tikus	kalkun	0.33
singa	domba	0.35
singa	benih	0.14
singa	buaya	0.4
singa	cacing	0.23
singa	paus	0.31
singa	nyamuk	0.25
singa	iblis	0.34
singa	lebah	0.29
singa	mamalia	0.29
singa	semut	0.33
singa	pemburu	0.41
singa	monyet	0.4
singa	jago	0.29
singa	serigala	0.43
singa	katak	0.36
singa	unta	0.39
singa	kera	0.39
singa	ulat	0.25
singa	macan	0.5
singa	rubah	0.34
singa	merpati	0.29
singa	lembu	0.42
singa	kelelawar	0.27
singa	keledai	0.35
singa	belalang	0.27
singa	angsa	0.27
singa	gabus	0.16
singa	ngengat	0.2
singa	kalkun	0.19
domba	benih	0.28
domba	buaya	0.32
domba	cacing	0.29
domba	paus	0.31
domba	nyamuk	0.26
domba	iblis	0.32
domba	lebah	0.35
domba	mamalia	0.3
domba	semut	0.24
domba	pemburu	0.29
domba	monyet	0.33
domba	jago	0.29
domba	serigala	0.47
domba	katak	0.25
domba	unta	0.48
domba	kera	0.27
domba	ulat	0.27
domba	macan	0.34
domba	rubah	0.27
domba	merpati	0.38
domba	lembu	0.52
domba	kelelawar	0.24
domba	keledai	0.41
domba	belalang	0.23
domba	angsa	0.4
domba	gabus	0.29
domba	ngengat	0.15
domba	kalkun	0.45
benih	buaya	0.28
benih	cacing	0.33
benih	paus	0.26
benih	nyamuk	0.23
benih	iblis	0.27
benih	lebah	0.23
benih	mamalia	0.17
benih	semut	0.26
benih	pemburu	0.24
benih	monyet	0.22
benih	jago	0.15
benih	serigala	0.22
benih	katak	0.26
benih	unta	0.17
benih	kera	0.23
benih	ulat	0.35
benih	macan	0.18
benih	rubah	0.13
benih	merpati	0.28
benih	lembu	0.24
benih	kelelawar	0.2
benih	keledai	0.23
benih	belalang	0.25
benih	angsa	0.25
benih	gabus	0.32
benih	ngengat	0.23
benih	kalkun	0.3
buaya	cacing	0.39
buaya	paus	0.31
buaya	nyamuk	0.36
buaya	iblis	0.31
buaya	lebah	0.32
buaya	mamalia	0.34
buaya	semut	0.36
buaya	pemburu	0.32
buaya	monyet	0.43
buaya	jago	0.24
buaya	serigala	0.36
buaya	katak	0.41
buaya	unta	0.3
buaya	kera	0.4
buaya	ulat	0.27
buaya	macan	0.46
buaya	rubah	0.28
buaya	merpati	0.31
buaya	lembu	0.34
buaya	kelelawar	0.32
buaya	keledai	0.34
buaya	belalang	0.28
buaya	angsa	0.33
buaya	gabus	0.37
buaya	ngengat	0.31
buaya	kalkun	0.26
cacing	paus	0.23
cacing	nyamuk	0.38
cacing	iblis	0.27
cacing	lebah	0.25
cacing	mamalia	0.31
cacing	semut	0.4
cacing	pemburu	0.22
cacing	monyet	0.3
cacing	jago	0.23
cacing	serigala	0.26
cacing	katak	0.32
cacing	unta	0.28
cacing	kera	0.25
cacing	ulat	0.52
cacing	macan	0.25
cacing	rubah	0.19
cacing	merpati	0.25
cacing	lembu	0.34
cacing	kelelawar	0.34
cacing	keledai	0.33
cacing	belalang	0.37
cacing	angsa	0.23
cacing	gabus	0.32
cacing	ngengat	0.36
cacing	kalkun	0.27
paus	nyamuk	0.26
paus	iblis	0.27
paus	lebah	0.26
paus	mamalia	0.5
paus	semut	0.23
paus	pemburu	0.37
paus	monyet	0.32
paus	jago	0.1
paus	serigala	0.32
paus	katak	0.31
paus	unta	0.31
paus	kera	0.31
paus	ulat	0.17
paus	macan	0.25
paus	rubah	0.23
paus	merpati	0.29
paus	lembu	0.29
paus	kelelawar	0.26
paus	keledai	0.25
paus	belalang	0.21
paus	angsa	0.33
paus	gabus	0.3
paus	ngengat	0.2
paus	kalkun	0.26
nyamuk	iblis	0.25
nyamuk	lebah	0.45
nyamuk	mamalia	0.3
nyamuk	semut	0.46
nyamuk	pemburu	0.28
nyamuk	monyet	0.31
nyamuk	jago	0.18
nyamuk	serigala	0.36
nyamuk	katak	0.34
nyamuk	unta	0.31
nyamuk	kera	0.32
nyamuk	ulat	0.43
nyamuk	macan	0.29
nyamuk	rubah	0.2
nyamuk	merpati	0.26
nyamuk	lembu	0.24
nyamuk	kelelawar	0.4
nyamuk	keledai	0.19
nyamuk	belalang	0.44
nyamuk	angsa	0.3
nyamuk	gabus	0.28
nyamuk	ngengat	0.51
nyamuk	kalkun	0.23
iblis	lebah	0.2
iblis	mamalia	0.19
iblis	semut	0.27
iblis	pemburu	0.33
iblis	monyet	0.36
iblis	jago	0.27
iblis	serigala	0.46
iblis	katak	0.27
iblis	unta	0.25
iblis	kera	0.31
iblis	ulat	0.24
iblis	macan	0.31
iblis	rubah	0.32
iblis	merpati	0.26
iblis	lembu	0.31
iblis	kelelawar	0.36
iblis	keledai	0.3
iblis	belalang	0.24
iblis	angsa	0.18
iblis	gabus	0.18
iblis	ngengat	0.3
iblis	kalkun	0.2
lebah	mamalia	0.33
lebah	semut	0.61
lebah	pemburu	0.35
lebah	monyet	0.29
lebah	jago	0.17
lebah	serigala	0.36
lebah	katak	0.27
lebah	unta	0.39
lebah	kera	0.29
lebah	ulat	0.43
lebah	macan	0.28
lebah	rubah	0.2
lebah	merpati	0.34
lebah	lembu	0.22
lebah	kelelawar	0.36
lebah	keledai	0.22
lebah	belalang	0.4
lebah	angsa	0.37
lebah	gabus	0.28
lebah	ngengat	0.45
lebah	kalkun	0.25
mamalia	semut	0.32
mamalia	pemburu	0.33
mamalia	monyet	0.4
mamalia	jago	0.13
mamalia	serigala	0.33
mamalia	katak	0.37
mamalia	unta	0.39
mamalia	kera	0.44
mamalia	ulat	0.25
mamalia	macan	0.26
mamalia	rubah	0.23
mamalia	merpati	0.32
mamalia	lembu	0.28
mamalia	kelelawar	0.43
mamalia	keledai	0.26
mamalia	belalang	0.22
mamalia	angsa	0.28
mamalia	gabus	0.21
mamalia	ngengat	0.23
mamalia	kalkun	0.23
semut	pemburu	0.3
semut	monyet	0.36
semut	jago	0.2
semut	serigala	0.35
semut	katak	0.32
semut	unta	0.35
semut	kera	0.37
semut	ulat	0.5
semut	macan	0.33
semut	rubah	0.24
semut	merpati	0.31
semut	lembu	0.19
semut	kelelawar	0.41
semut	keledai	0.19
semut	belalang	0.46
semut	angsa	0.25
semut	gabus	0.22
semut	ngengat	0.44
semut	kalkun	0.27
pemburu	monyet	0.33
pemburu	jago	0.28
pemburu	serigala	0.43
pemburu	katak	0.33
pemburu	unta	0.32
pemburu	kera	0.33
pemburu	ulat	0.31
pemburu	macan	0.34
pemburu	rubah	0.3
pemburu	merpati	0.34
pemburu	lembu	0.25
pemburu	kelelawar	0.39
pemburu	keledai	0.2
pemburu	belalang	0.32
pemburu	angsa	0.27
pemburu	gabus	0.19
pemburu	ngengat	0.26
pemburu	kalkun	0.27
monyet	jago	0.22
monyet	serigala	0.41
monyet	katak	0.41
monyet	unta	0.36
monyet	kera	0.68
monyet	ulat	0.3
monyet	macan	0.37
monyet	rubah	0.32
monyet	merpati	0.38
monyet	lembu	0.27
monyet	kelelawar	0.43
monyet	keledai	0.34
monyet	belalang	0.23
monyet	angsa	0.31
monyet	gabus	0.17
monyet	ngengat	0.24
monyet	kalkun	0.23
jago	serigala	0.25
jago	katak	0.22
jago	unta	0.19
jago	kera	0.21
jago	ulat	0.17
jago	macan	0.28
jago	rubah	0.24
jago	merpati	0.3
jago	lembu	0.28
jago	kelelawar	0.2
jago	keledai	0.21
jago	belalang	0.24
jago	angsa	0.23
jago	gabus	0.17
jago	ngengat	0.18
jago	kalkun	0.22
serigala	katak	0.32
serigala	unta	0.38
serigala	kera	0.46
serigala	ulat	0.31
serigala	macan	0.44
serigala	rubah	0.42
serigala	merpati	0.28
serigala	lembu	0.35
serigala	kelelawar	0.39
serigala	keledai	0.37
serigala	belalang	0.34
serigala	angsa	0.38
serigala	gabus	0.21
serigala	ngengat	0.25
serigala	kalkun	0.32
katak	unta	0.29
katak	kera	0.4
katak	ulat	0.34
katak	macan	0.41
katak	rubah	0.26
katak	merpati	0.29
katak	lembu	0.43
katak	kelelawar	0.39
katak	keledai	0.3
katak	belalang	0.42
katak	angsa	0.33
katak	gabus	0.34
katak	ngengat	0.29
katak	kalkun	0.24
unta	kera	0.31
unta	ulat	0.33
unta	macan	0.26
unta	rubah	0.23
unta	merpati	0.38
unta	lembu	0.47
unta	kelelawar	0.32
unta	keledai	0.57
unta	belalang	0.3
unta	angsa	0.37
unta	gabus	0.11
unta	ngengat	0.21
unta	kalkun	0.33
kera	ulat	0.26
kera	macan	0.39
kera	rubah	0.34
kera	merpati	0.29
kera	lembu	0.31
kera	kelelawar	0.4
kera	keledai	0.34
kera	belalang	0.23
kera	angsa	0.31
kera	gabus	0.2
kera	ngengat	0.19
kera	kalkun	0.24
ulat	macan	0.37
ulat	rubah	0.25
ulat	merpati	0.28
ulat	lembu	0.28
ulat	kelelawar	0.36
ulat	keledai	0.24
ulat	belalang	0.49
ulat	angsa	0.35
ulat	gabus	0.27
ulat	ngengat	0.48
ulat	kalkun	0.31
macan	rubah	0.41
macan	merpati	0.26
macan	lembu	0.35
macan	kelelawar	0.27
macan	keledai	0.23
macan	belalang	0.37
macan	angsa	0.32
macan	gabus	0.28
macan	ngengat	0.25
macan	kalkun	0.22
rubah	merpati	0.28
rubah	lembu	0.19
rubah	kelelawar	0.32
rubah	keledai	0.28
rubah	belalang	0.19
rubah	angsa	0.31
rubah	gabus	0.15
rubah	ngengat	0.17
rubah	kalkun	0.3
merpati	lembu	0.27
merpati	kelelawar	0.33
merpati	keledai	0.3
merpati	belalang	0.3
merpati	angsa	0.45
merpati	gabus	0.25
merpati	ngengat	0.24
merpati	kalkun	0.32
lembu	kelelawar	0.21
lembu	keledai	0.48
lembu	belalang	0.34
lembu	angsa	0.3
lembu	gabus	0.24
lembu	ngengat	0.16
lembu	kalkun	0.31
kelelawar	keledai	0.27
kelelawar	belalang	0.34
kelelawar	angsa	0.3
kelelawar	gabus	0.16
kelelawar	ngengat	0.37
kelelawar	kalkun	0.31
keledai	belalang	0.21
keledai	angsa	0.33
keledai	gabus	0.21
keledai	ngengat	0.14
keledai	kalkun	0.24
belalang	angsa	0.27
belalang	gabus	0.24
belalang	ngengat	0.47
belalang	kalkun	0.24
angsa	gabus	0.3
angsa	ngengat	0.27
angsa	kalkun	0.42
gabus	ngengat	0.2
gabus	kalkun	0.26
ngengat	kalkun	0.22
